orderId,orderSrcLat,orderSrcLng,orderDstLat,orderDstLng,groupId
1,30.315682,120.166081,30.318609,120.180114,0
2,30.315682,120.166081,30.318609,120.180114,0
