riderLat,riderLng,orderId,orderSrcLat,orderSrcLng,orderDstLat,orderDstLng
30.3153440000,120.1665050000,1,30.3156820000,120.1660810000,30.3186090000,120.1801140000
30.3153440000,120.1665050000,2,30.3156820000,120.1660810000,30.3186090000,120.1801140000